Source,Target
skp008595,skp045159
skp028586,skp020583
skp038427,skp029724
skp038427,skp002469
skp038427,skp011350
skp038427,skp009932
skp038427,skp040757
skp038427,skp026680
skp038427,skp020676
skp020676,skp038427
skp038427,skp015657
skp038427,skp013427
skp038427,skp041279
skp038427,skp002364
skp038427,skp045196
skp038427,skp015516
skp038427,skp042082
skp038427,skp038643
skp038643,skp038427
skp038427,skp012995
skp038427,skp024022
skp038427,skp042650
skp038427,skp024256
skp038427,skp020546
skp038427,skp003683
skp035864,skp038427
skp038427,skp035864
skp038427,skp004938
skp038427,skp020502
skp038427,skp038200
skp038427,skp037644
skp038427,skp031350
skp038427,skp023741
skp038427,skp003690
skp038427,skp032230
skp038427,skp032005
skp038427,skp038647
skp038427,skp013470
skp038427,skp031747
skp038427,skp016870
skp038427,skp041805
skp038427,skp036059
skp038427,skp002447
skp038427,skp015542
skp038427,skp019601
skp019601,skp038427
skp038427,skp036116
skp038427,skp024350
skp038427,skp029310
skp038427,skp010282
skp038427,skp038586
skp038427,skp030580
skp038427,skp033657
skp038427,skp024301
skp038427,skp039805
skp038427,skp039612
skp038427,skp002115
skp038427,skp007457
skp038427,skp012149
skp038427,skp008334
skp038427,skp008148
skp038427,skp029331
skp038427,skp024389
skp038427,skp025803
skp038427,skp020583
skp035864,skp025402
skp038400,skp042320
skp005563,skp042320
skp025637,skp016858
skp038400,skp025637
skp002475,skp026285
skp025722,skp025637
skp028697,skp010309
skp017330,skp045848
skp005563,skp001609
skp026308,skp017558
skp026308,skp046226
skp026308,skp042884
skp026308,skp008951
skp044780,skp040222
skp021775,skp001653
skp007667,skp001653
skp007667,skp018994
skp007667,skp031359
skp007667,skp040732
skp046361,skp007667
skp008594,skp031861
skp017514,skp007667
skp017282,skp017514
skp007667,skp041699
skp007667,skp001671
skp008595,skp008594
skp031861,skp007667
skp018994,skp007667
skp011847,skp007667
skp005563,skp005248
skp016830,skp028885
skp016830,skp027159
skp016830,skp015554
skp016830,skp008763
skp016830,skp020663
skp016830,skp019305
skp016830,skp003393
skp016830,skp016613
skp016830,skp024317
skp016830,skp016858
skp016830,skp025637
skp025637,skp016830
skp016830,skp040234
skp016830,skp028842
skp016830,skp029086
skp016830,skp019480
skp016830,skp006508
skp016830,skp019811
skp016830,skp035987
skp016830,skp042227
skp016830,skp008927
skp016830,skp003349
skp016830,skp017261
skp016830,skp019539
skp016830,skp013449
skp016830,skp004243
skp016830,skp044701
skp016830,skp016423
skp016830,skp003717
skp016830,skp031152
skp016830,skp009574
skp016830,skp010076
skp016830,skp031088
skp016830,skp043064
skp016830,skp023261
skp016830,skp013419
skp016830,skp038568
skp016830,skp013320
skp016830,skp029986
skp016830,skp001761
skp016830,skp043320
skp016830,skp006502
skp016830,skp026821
skp016830,skp006336
skp016830,skp002954
skp016830,skp024187
skp016830,skp001885
skp016830,skp024128
skp016830,skp016147
skp016830,skp027264
skp016830,skp037851
skp016830,skp013508
skp016830,skp036089
skp016830,skp001172
skp016830,skp051228
skp016830,skp042320
skp016830,skp024112
skp016830,skp038533
skp016830,skp019127
skp025722,skp016830
skp016830,skp025722
skp016830,skp012307
skp016830,skp035981
skp016830,skp013494
skp016830,skp027967
skp016830,skp037757
skp016830,skp037938
skp016830,skp026678
skp016830,skp008617
skp016830,skp006846
skp016830,skp051410
skp035864,skp020263
skp008594,skp002690
skp016830,skp039717
skp035864,skp006710
skp038400,skp016870
skp026308,skp045087
skp019601,skp021946
skp026308,skp000540
skp008594,skp008595
skp008594,skp005670
skp008594,skp019311
skp008594,skp041165
skp008594,skp014673
skp008594,skp044502
skp008595,skp007667
skp008595,skp046418
skp038304,skp007667
skp007667,skp031861
skp041922,skp007667
skp016830,skp029733
skp016830,skp042478
skp016830,skp029251
skp016830,skp029346
skp016830,skp053080
skp016830,skp018601
skp016830,skp003623
skp026308,skp008383
skp026308,skp032230
skp016830,skp028586
skp028586,skp016830
skp028586,skp004402
skp019564,skp016830
skp016830,skp008378
skp038427,skp016830
skp016830,skp020546
skp016830,skp026187
skp016830,skp038272
skp016830,skp040830
skp016830,skp042557
skp016830,skp040839
skp016830,skp011374
skp020546,skp016830
skp016830,skp026431
skp016830,skp035864
skp016830,skp028839
skp016830,skp003913
skp016830,skp044586
skp016830,skp042335
skp016830,skp028475
skp016830,skp037816
skp016830,skp024160
skp016830,skp028993
skp016830,skp044420
skp035864,skp007980
skp035864,skp024112
skp016830,skp020583
skp016830,skp001591
skp016830,skp033487
skp016830,skp042626
skp016830,skp032407
skp016830,skp008902
skp016830,skp021655
skp016830,skp016520
skp016830,skp027249
skp016830,skp008502
skp016830,skp031919
skp016830,skp036767
skp016830,skp028422
skp016830,skp022320
skp016830,skp014308
skp016830,skp008025
skp016830,skp026850
skp016830,skp037134
skp016830,skp018777
skp016830,skp035965
skp016830,skp044429
skp016830,skp028048
skp016830,skp019955
skp016830,skp014491
skp016830,skp011045
skp016830,skp024300
skp038400,skp016830
skp016830,skp037459
skp016830,skp038400
skp016830,skp007207
skp016830,skp012062
skp016830,skp010001
skp016830,skp020562
skp016830,skp044824
skp016830,skp001354
skp016830,skp005440
skp016830,skp008595
skp016830,skp053086
skp007667,skp016830
skp008595,skp016830
skp028586,skp023778
skp017962,skp001354
skp016830,skp044848
skp016830,skp015653
skp016830,skp026002
skp016830,skp026639
skp016830,skp027530
skp026639,skp016830
skp026639,skp012673
skp026639,skp035965
skp016830,skp019383
skp016830,skp044136
skp016830,skp012310
skp016830,skp025470
skp016830,skp007496
skp016830,skp011724
skp016830,skp016870
skp016830,skp003243
skp016830,skp007381
skp016830,skp023799
skp016830,skp036048
skp016830,skp000684
skp016830,skp024223
skp016830,skp012673
skp016830,skp003559
skp016830,skp018306
skp016830,skp032437
skp016830,skp019155
skp016830,skp035952
skp016830,skp023855
skp016830,skp034490
skp016830,skp003657
skp016830,skp003662
skp016830,skp041157
skp016830,skp028807
skp016830,skp019808
skp035864,skp016830
skp016830,skp012261
skp016830,skp024118
skp016830,skp028590
skp016830,skp028913
skp016830,skp009720
skp016830,skp016916
skp016830,skp020255
skp016830,skp008293
skp016830,skp029742
skp016830,skp025512
skp016830,skp026706
skp016830,skp039570
skp016830,skp031889
skp016830,skp011835
skp016830,skp003737
skp026308,skp053393
skp026308,skp033693
skp016830,skp005023
skp016830,skp000058
skp016830,skp041702
skp008595,skp026896
skp026308,skp001932
skp007667,skp053022
skp038427,skp031382
skp038400,skp023799
skp016830,skp028416
skp016830,skp003942
skp016830,skp014150
skp016830,skp011377
skp016830,skp009416
skp016830,skp038091
skp002821,skp008753
skp019564,skp039717
skp038090,skp029748
skp026308,skp035922
skp031861,skp000155
skp026308,skp045085
skp008595,skp041702
skp007667,skp008595
skp028586,skp038729
skp028586,skp002048
skp035864,skp035828
skp019342,skp037920
skp008594,skp037920
skp035864,skp023552
skp008594,skp006847
skp026308,skp027310
skp008594,skp001422
skp034106,skp041702
skp019564,skp009101
skp008594,skp009755
skp008594,skp031859
skp008594,skp028919
skp008594,skp019452
skp008594,skp008334
skp008594,skp028994
skp008594,skp024167
skp008594,skp013923
skp008594,skp023564
skp008594,skp027314
skp008594,skp023913
skp008594,skp024022
skp008594,skp028573
skp008594,skp004960
skp008594,skp021427
skp008594,skp029978
skp008594,skp005469
skp008594,skp018678
skp008594,skp002809
skp008594,skp036546
skp008594,skp044664
skp008594,skp001398
skp008594,skp029409
skp008594,skp015781
skp008594,skp026374
skp008594,skp019342
skp008594,skp034038
skp008594,skp020876
skp008594,skp032464
skp008594,skp020519
skp008594,skp025402
skp008594,skp025874
skp008594,skp002821
skp008594,skp029243
skp008594,skp016526
skp008594,skp037787
skp008594,skp032503
skp008594,skp018936
skp008594,skp028586
skp008594,skp020263
skp008594,skp020546
skp008594,skp028644
skp008594,skp017222
skp008594,skp030870
skp008594,skp026593
skp008594,skp039505
skp008594,skp034051
skp008594,skp038299
skp008594,skp004978
skp008594,skp040435
skp008594,skp040081
skp008594,skp002270
skp008594,skp024346
skp008594,skp009908
skp008594,skp009248
skp008594,skp052353
skp008594,skp011499
skp008594,skp037873
skp008594,skp014174
skp008594,skp016418
skp008594,skp001498
skp008594,skp008243
skp008594,skp003241
skp008594,skp034643
skp008594,skp043373
skp008594,skp012995
skp008594,skp024119
skp008594,skp028727
skp008594,skp008141
skp008594,skp013514
skp008594,skp024127
skp008594,skp009008
skp008594,skp051790
skp008594,skp027303
skp008594,skp013164
skp008594,skp009157
skp008594,skp039573
skp008594,skp003721
skp008594,skp041387
skp008594,skp042379
skp008594,skp007235
skp008594,skp029163
skp008594,skp017073
skp008594,skp033494
skp008594,skp000684
skp008594,skp029344
skp008594,skp021689
skp008594,skp037900
skp008594,skp042788
skp008594,skp026619
skp008594,skp024540
skp008594,skp027262
skp008594,skp028376
skp008594,skp028577
skp008594,skp033493
skp008594,skp018411
skp008594,skp026376
skp008594,skp023632
skp008594,skp026972
skp008594,skp008107
skp008594,skp043317
skp008594,skp025036
skp008594,skp037816
skp008594,skp010515
skp008594,skp035864
skp008594,skp007666
skp008594,skp034327
skp008594,skp020279
skp008594,skp002868
skp008594,skp012029
skp008594,skp034366
skp008594,skp007884
skp008594,skp003104
skp008594,skp016522
skp008594,skp017199
skp008594,skp010055
skp008594,skp046642
skp008594,skp007980
skp008594,skp036347
skp008594,skp027087
skp008594,skp040218
skp008594,skp035895
skp008594,skp042519
skp008594,skp039279
skp008594,skp029239
skp008594,skp044868
skp008594,skp038300
skp008594,skp011899
skp008594,skp016996
skp008594,skp041818
skp008594,skp013443
skp008594,skp001623
skp008594,skp040015
skp008594,skp042536
skp008594,skp034122
skp008594,skp012959
skp008594,skp016223
skp008594,skp035796
skp008594,skp040146
skp008594,skp033866
skp008594,skp010628
skp008594,skp033502
skp008594,skp011404
skp008594,skp031260
skp008594,skp037896
skp008594,skp019602
skp008594,skp044840
skp008594,skp030929
skp008594,skp037899
skp008594,skp003641
skp008594,skp041418
skp008594,skp034121
skp008594,skp009446
skp008594,skp044853
skp008594,skp039030
skp008594,skp008143
skp008594,skp033959
skp008594,skp041486
skp008594,skp007034
skp008594,skp025648
skp008594,skp011617
skp008594,skp046645
skp008594,skp010975
skp008594,skp010263
skp008594,skp043176
skp008594,skp010264
skp008594,skp046646
skp008594,skp041658
skp008594,skp046647
skp028586,skp031339
skp020546,skp031339
skp016830,skp044829
skp016830,skp016455
skp016830,skp035838
skp016830,skp046659
skp016830,skp046660
skp016830,skp000026
skp016830,skp046661
skp016830,skp046662
skp016830,skp046663
skp016830,skp007646
skp016830,skp046664
skp016830,skp046665
skp016830,skp046666
skp016830,skp014208
skp017330,skp011706
skp008594,skp019228
skp008594,skp023829
skp008594,skp037454
skp008594,skp046682
skp008594,skp000013
skp026308,skp035055
skp026308,skp052250
skp028586,skp008595
skp016830,skp036203
skp016830,skp004964
skp016830,skp022710
skp007646,skp016830
skp016830,skp026920
skp016830,skp043014
skp016830,skp028968
skp016830,skp037657
skp016830,skp026736
skp016830,skp031476
skp016830,skp028479
skp016830,skp020060
skp016830,skp046698
skp016830,skp044141
skp026639,skp004277
skp016830,skp046709
skp016830,skp046710
skp016830,skp046716
skp016830,skp003923
skp016830,skp038798
skp018067,skp046726
skp008594,skp039419
skp016830,skp036476
skp025866,skp020583
skp035863,skp039717
skp028586,skp007980
skp035864,skp036433
skp019564,skp013935
skp026308,skp027231
skp017330,skp027967
skp025722,skp027967
skp035864,skp028697
skp016830,skp046792
skp024488,skp052352
skp029163,skp035864
skp028586,skp039717
skp026308,skp042968
skp026308,skp044502
skp026308,skp019984
skp026308,skp033018
skp024488,skp044502
skp017330,skp013935
skp024950,skp053533
skp008594,skp025037
skp008594,skp002730
skp038400,skp000198
skp019342,skp008594
skp002821,skp008594
skp028586,skp008594
skp020546,skp008594
skp035864,skp008594
skp024022,skp008594
skp038301,skp046921
skp008594,skp026896
skp008594,skp034328
skp008594,skp005623
skp008594,skp008350
skp008594,skp002959
skp007667,skp028697
skp023913,skp008594
skp016830,skp010075
skp016830,skp030274
skp008594,skp029264
skp008594,skp039037
skp008594,skp032281
skp008594,skp010691
skp008594,skp010182
skp008594,skp042905
skp008594,skp003081
skp008594,skp008959
skp008594,skp013965
skp008594,skp027254
skp008594,skp002213
skp008594,skp013151
skp008594,skp013003
skp008594,skp041419
skp008594,skp041823
skp008594,skp025027
skp008594,skp053122
skp008594,skp003348
skp008594,skp044778
skp008594,skp035957
skp008594,skp017411
skp008594,skp025390
skp008594,skp027231
skp008594,skp041409
skp008594,skp051446
skp008594,skp019641
skp008594,skp013124
skp008594,skp011519
skp008594,skp051217
skp008594,skp030179
skp008594,skp027273
skp008594,skp026428
skp008594,skp013961
skp008594,skp003286
skp008594,skp039307
skp008594,skp002263
skp008594,skp023731
skp008594,skp053083
skp008594,skp014672
skp008594,skp044698
skp008594,skp011643
skp008594,skp004970
skp008594,skp037641
skp008594,skp009025
skp008594,skp009787
skp008594,skp001845
skp008594,skp039058
skp008594,skp032204
skp008594,skp044581
skp008594,skp021431
skp008594,skp010576
skp008594,skp034719
skp008594,skp014163
skp008594,skp021482
skp008594,skp007030
skp008594,skp041443
skp008594,skp036154
skp008594,skp018656
skp008594,skp051768
skp008594,skp009013
skp008594,skp007519
skp008594,skp038216
skp008594,skp052278
skp008594,skp026221
skp008594,skp044459
skp008594,skp043101
skp008594,skp002688
skp008594,skp014665
skp008594,skp037781
skp008594,skp006933
skp008594,skp053481
skp008594,skp042949
skp008594,skp009160
skp008594,skp039791
skp008594,skp033313
skp008594,skp010713
skp008594,skp014095
skp008594,skp014175
skp008594,skp025656
skp008594,skp032340
skp008594,skp018965
skp008594,skp015787
skp008594,skp041904
skp008594,skp028081
skp008594,skp046950
skp008594,skp032282
skp008594,skp044230
skp008594,skp011511
skp008595,skp041492
skp008594,skp019146
skp008594,skp044503
skp008594,skp013578
skp016830,skp013841
skp016830,skp017529
skp016830,skp003283
skp016830,skp012093
skp016830,skp024271
skp016830,skp004055
skp016830,skp019564
skp035864,skp008595
skp008594,skp033506
skp008594,skp008033
skp008594,skp044566
skp008594,skp039241
skp008594,skp031882
skp008594,skp018701
skp008594,skp022016
skp019311,skp008594
skp008594,skp040330
skp008594,skp027286
skp008594,skp044726
skp008594,skp006544
skp008594,skp035712
skp008594,skp014165
skp008594,skp014561
skp008594,skp019286
skp008594,skp003205
skp008595,skp019516
skp008594,skp041702
skp008594,skp041666
skp008594,skp046958
skp008594,skp026929
skp033866,skp008594
skp009805,skp008594
skp016967,skp007667
skp007667,skp008594
skp008594,skp006004
skp008594,skp011830
skp008594,skp015586
skp008594,skp043076
skp008594,skp011738
skp008594,skp015546
skp008594,skp040035
skp008594,skp034724
skp008594,skp000224
skp008594,skp033531
skp008594,skp041042
skp008594,skp025796
skp008594,skp009273
skp008594,skp017815
skp008594,skp043049
skp008594,skp002590
skp008594,skp002700
skp008594,skp033842
skp008594,skp008314
skp008594,skp004579
skp008594,skp003179
skp008594,skp038431
skp008594,skp029666
skp008594,skp053317
skp008594,skp004927
skp008594,skp003022
skp008594,skp017696
skp008594,skp051423
skp008594,skp029877
skp008594,skp006490
skp008594,skp002930
skp008594,skp051450
skp008594,skp032182
skp008594,skp024614
skp008594,skp025866
skp008594,skp010101
skp008594,skp009230
skp008594,skp024712
skp008594,skp024295
skp008594,skp025398
skp008594,skp024000
skp008594,skp033824
skp008594,skp010688
skp008594,skp053146
skp008594,skp027274
skp008594,skp007245
skp008594,skp016722
skp008594,skp017031
skp008594,skp042502
skp008594,skp033553
skp008594,skp019874
skp008594,skp031912
skp008594,skp053174
skp008594,skp021925
skp008594,skp020172
skp008594,skp000427
skp008594,skp004714
skp008594,skp051569
skp008594,skp000281
skp008594,skp034623
skp008594,skp053187
skp008594,skp028354
skp008594,skp039155
skp008594,skp028123
skp008594,skp007480
skp008594,skp032267
skp008594,skp051650
skp008594,skp034723
skp008594,skp029852
skp008594,skp032270
skp008594,skp012078
skp008594,skp051664
skp008594,skp019298
skp008594,skp019247
skp008594,skp003115
skp008594,skp007070
skp008594,skp002447
skp008594,skp033857
skp008594,skp001987
skp008594,skp015542
skp008594,skp025040
skp008594,skp033519
skp008594,skp016377
skp008594,skp051598
skp008594,skp006167
skp008594,skp038587
skp008594,skp011627
skp008594,skp053358
skp008594,skp006655
skp008594,skp031357
skp008594,skp014669
skp008594,skp051605
skp008594,skp040181
skp008594,skp040318
skp008594,skp040699
skp008594,skp025061
skp008594,skp040937
skp008594,skp014412
skp008594,skp027042
skp008594,skp036494
skp008594,skp025784
skp008594,skp001353
skp008594,skp027178
skp008594,skp012261
skp008594,skp043397
skp008594,skp023016
skp008594,skp013555
skp008594,skp019237
skp008594,skp033856
skp008594,skp019317
skp008594,skp008638
skp008594,skp010178
skp008594,skp010179
skp008594,skp010183
skp008594,skp043933
skp008594,skp023902
skp008594,skp015565
skp008594,skp034869
skp008594,skp027952
skp008594,skp031413
skp008594,skp004251
skp008594,skp052999
skp008595,skp038408
skp008595,skp038477
skp008594,skp008383
skp008594,skp005286
skp008594,skp043450
skp008594,skp011582
skp008594,skp032292
skp008594,skp024380
skp008594,skp037772
skp008594,skp034982
skp008594,skp040689
skp008594,skp038422
skp008594,skp011637
skp008594,skp017204
skp008594,skp012077
skp008594,skp010792
skp008594,skp007668
skp008594,skp038535
skp008594,skp013918
skp008594,skp007646
skp008594,skp025781
skp008594,skp040883
skp008594,skp014490
skp008594,skp042090
skp008594,skp046960
skp008594,skp030408
skp008594,skp034127
skp008594,skp033605
skp008594,skp011916
skp008594,skp007273
skp008594,skp019515
skp008594,skp016823
skp008594,skp036386
skp008594,skp051393
skp008594,skp034192
skp008594,skp038107
skp008594,skp034375
skp008594,skp044788
skp008594,skp033642
skp008594,skp034508
skp008594,skp031701
skp008594,skp036387
skp008594,skp025912
skp008594,skp032412
skp008594,skp002285
skp008594,skp019520
skp008594,skp025237
skp008594,skp051398
skp008594,skp053120
skp008594,skp020001
skp008594,skp036380
skp008594,skp005309
skp008594,skp003143
skp008594,skp018695
skp008594,skp043059
skp008594,skp053127
skp008594,skp006824
skp008594,skp025424
skp008594,skp032244
skp008594,skp019572
skp008594,skp041951
skp008594,skp010243
skp008594,skp027317
skp008594,skp007207
skp008594,skp010896
skp008594,skp036204
skp008594,skp012020
skp008594,skp006863
skp008594,skp015568
skp008594,skp013988
skp008594,skp008384
skp008594,skp042535
skp008594,skp010567
skp008594,skp011707
skp008594,skp031940
skp008594,skp038812
skp008594,skp034144
skp008594,skp003156
skp008594,skp013406
skp008594,skp003440
skp008594,skp041251
skp008594,skp007607
skp008594,skp043902
skp008594,skp051678
skp008594,skp044347
skp008594,skp019601
skp008594,skp037553
skp008594,skp006237
skp008594,skp003116
skp008594,skp005383
skp008594,skp040173
skp008594,skp038202
skp008594,skp014122
skp008594,skp041227
skp008594,skp021812
skp008594,skp010032
skp008594,skp011750
skp008594,skp015993
skp008594,skp003030
skp008594,skp043941
skp008594,skp024160
skp008594,skp024406
skp008594,skp046962
skp008594,skp017171
skp008594,skp019566
skp008594,skp025566
skp008594,skp053493
skp008594,skp045126
skp008594,skp017482
skp008594,skp007638
skp008594,skp002510
skp008594,skp015789
skp008594,skp003050
skp008594,skp040929
skp008594,skp014491
skp008594,skp044855
skp008594,skp046964
skp008594,skp003353
skp008594,skp012930
skp008594,skp011699
skp008594,skp029870
skp008595,skp018695
skp008594,skp011645
skp026308,skp038885
skp008594,skp032308
skp010567,skp006863
skp035864,skp001888
skp026308,skp030018
skp011847,skp038090
skp005204,skp038090
skp026308,skp024022
skp040529,skp007667
skp040763,skp038090
skp015633,skp038090
skp007667,skp038090
skp008594,skp038090
skp038090,skp047058
skp038090,skp044459
skp028586,skp047091
skp008595,skp031861
skp019342,skp035864
skp003592,skp030672
skp028586,skp047261
skp028586,skp047262
skp031861,skp031861
skp002821,skp011617
skp007667,skp038304
skp026308,skp002821
skp019342,skp020128
skp020676,skp041609
skp038400,skp028759
skp041609,skp026194
skp020546,skp032494
skp028586,skp028759
skp020546,skp020594
skp035864,skp041609
skp038400,skp003299
skp038400,skp009930
skp020676,skp007667
skp025637,skp001948
skp010540,skp004607
skp010540,skp020974
skp010540,skp007667
skp010540,skp036684
skp010540,skp039341
skp010540,skp012328
skp010540,skp004410
skp010540,skp009455
skp010540,skp022005
skp010540,skp035965
skp010540,skp047421
skp028586,skp014064
skp019601,skp007667
skp019601,skp035798
skp019601,skp020583
skp019601,skp047440
skp008296,skp020583
skp038587,skp020583
skp001399,skp026285
skp028586,skp019383
skp035864,skp020546
skp009119,skp020583
skp023913,skp038724
skp013104,skp020263
skp013104,skp020583
skp025402,skp020583
skp038400,skp024271
skp025637,skp042117
skp025637,skp038381
skp025637,skp004276
skp025637,skp038400
skp025637,skp039851
skp025637,skp025722
skp025637,skp017869
skp025637,skp044408
skp025637,skp025402
skp025637,skp025766
skp025637,skp003299
skp025637,skp003737
skp025637,skp029251
skp025637,skp027356
skp025637,skp029986
skp025637,skp028586
skp025637,skp024024
skp025637,skp003283
skp025637,skp034562
skp025637,skp007066
skp025637,skp031587
skp025637,skp024354
skp025637,skp013653
skp025637,skp038292
skp025637,skp032149
skp025637,skp039891
skp025637,skp020569
skp025637,skp024112
skp025637,skp024388
skp025637,skp051228
skp025637,skp032223
skp025637,skp003473
skp025637,skp000674
skp025637,skp005563
skp025637,skp020583
skp025637,skp047590
skp025637,skp047591
skp025637,skp047592
skp025637,skp047593
skp025637,skp047594
skp025637,skp047595
skp002821,skp040833
skp002821,skp020583
skp028586,skp013104
skp040883,skp020583
skp016830,skp000902
skp016830,skp018712
skp016830,skp026565
skp016830,skp047609
skp016830,skp047610
skp006710,skp020583
skp034508,skp020583
skp022274,skp007667
skp035864,skp026376
skp035864,skp039054
skp035864,skp028573
skp036001,skp025637
skp024022,skp026285
skp028586,skp025637
skp028586,skp014122
skp029163,skp016550
skp029163,skp020583
skp005563,skp038292
skp010056,skp008594
skp020546,skp026194
skp020546,skp020583
skp020546,skp034186
skp038400,skp013204
skp025722,skp024271
skp025722,skp039187
skp021775,skp020583
skp035864,skp037537
skp035864,skp053488
skp035864,skp020583
skp011847,skp051350
skp038400,skp033276
skp038400,skp008578
skp038400,skp047821
skp004618,skp031338
skp038090,skp008594
skp021148,skp031339
skp038427,skp011045
skp007667,skp010540
skp008594,skp026285
skp008594,skp001545
skp019342,skp041319
skp020546,skp041319
skp017962,skp020583
skp016830,skp047945
skp035864,skp041319
skp028586,skp003913
skp035864,skp026812
skp019342,skp031816
skp019342,skp007667
skp019342,skp006847
skp023913,skp006847
skp020546,skp006847
skp001399,skp007667
skp025722,skp039300
skp035864,skp006848
skp040883,skp006847
skp041609,skp028860
skp026639,skp020583
skp025444,skp007667
skp025402,skp006440
skp033866,skp020583
skp025866,skp051779
skp026308,skp002012
skp023913,skp001422
skp025637,skp039717
skp002821,skp008334
skp016830,skp048417
skp016830,skp048418
skp038304,skp008753
skp020546,skp008753
skp035864,skp025656
skp035864,skp028407
skp035864,skp033465
skp035864,skp014977
skp035864,skp048452
skp035864,skp034907
skp035864,skp028586
skp035864,skp025036
skp035864,skp019447
skp035864,skp007472
skp035864,skp024301
skp035864,skp037591
skp035864,skp048453
skp035864,skp048454
skp035864,skp048455
skp035864,skp048456
skp035864,skp048457
skp035864,skp048458
skp035864,skp048459
skp035864,skp048460
skp035864,skp048461
skp035864,skp048462
skp035864,skp048463
skp035864,skp048464
skp035864,skp048465
skp035864,skp048466
skp035864,skp048467
skp035864,skp048468
skp035864,skp048469
skp035864,skp048470
skp028697,skp035864
skp015586,skp048491
skp038427,skp048517
skp016830,skp048547
skp038301,skp007667
skp016830,skp003696
skp024950,skp001893
skp025544,skp008594
skp042502,skp008594
skp013555,skp033914
skp013555,skp019317
skp028586,skp040381
skp028586,skp024024
skp028586,skp012121
skp028586,skp042335
skp028586,skp023799
skp028586,skp048737
skp013555,skp048746
skp020546,skp015781
skp020546,skp020263
skp020546,skp007667
skp020546,skp006848
skp035863,skp015715
skp035864,skp048808
skp035864,skp048809
skp013555,skp048862
skp007265,skp048866
skp007265,skp048867
skp007265,skp002543
skp008594,skp006848
skp008594,skp000731
skp008594,skp026194
skp008594,skp053230
skp008594,skp014997
skp008594,skp023842
skp008594,skp048957
skp008594,skp048958
skp031861,skp044502
skp031861,skp010764
skp041922,skp008594
skp024950,skp015781
skp019342,skp015781
skp023913,skp015781
skp041609,skp015781
skp041277,skp007667
skp000233,skp007667
skp000233,skp008594
skp036538,skp007667
skp044331,skp007667
skp011852,skp007667
skp038400,skp007667
skp004618,skp007667
skp007051,skp007667
skp040732,skp007667
skp033471,skp007667
skp039977,skp007667
skp039977,skp039337
skp039977,skp019601
skp043455,skp007667
skp051426,skp007667
skp044780,skp042514
skp044780,skp007667
skp044780,skp019601
skp000281,skp007667
skp009119,skp007667
skp019342,skp031861
skp019342,skp008595
skp020676,skp025124
skp023913,skp026929
skp024279,skp007667
skp003592,skp003283
skp017105,skp007193
skp017105,skp007667
skp034191,skp007667
skp036829,skp007667
skp024250,skp007667
skp007018,skp007667
skp006252,skp007667
skp024283,skp007667
skp037772,skp007667
skp025402,skp007667
skp025402,skp008594
skp018476,skp007667
skp008016,skp007667
skp019197,skp007667
skp002821,skp007667
skp035829,skp007667
skp042949,skp007667
skp042949,skp008594
skp040773,skp007667
skp030820,skp007667
skp016830,skp007667
skp006710,skp035864
skp040697,skp007667
skp009340,skp007667
skp038304,skp008594
skp038304,skp031861
skp036001,skp007667
skp013197,skp025865
skp013197,skp007667
skp013198,skp007667
skp013104,skp007667
skp037645,skp007667
skp038643,skp036829
skp038643,skp032730
skp038643,skp007667
skp038643,skp008292
skp032745,skp007667
skp005051,skp030042
skp005051,skp007667
skp005051,skp008292
skp005051,skp029344
skp005051,skp008143
skp014216,skp007667
skp014216,skp038090
skp021033,skp007667
skp052174,skp007667
skp036898,skp007667
skp016884,skp007667
skp000379,skp007667
skp024328,skp007667
skp000738,skp007667
skp021767,skp007667
skp021067,skp007667
skp009375,skp007667
skp021070,skp007667
skp035078,skp007667
skp015586,skp007667
skp036636,skp007667
skp016559,skp007667
skp000396,skp007667
skp035863,skp007667
skp021775,skp007667
skp035864,skp007667
skp043494,skp007667
skp018168,skp007667
skp018168,skp013666
skp028697,skp039977
skp028697,skp007667
skp038053,skp007667
skp031912,skp007667
skp017677,skp007667
skp021148,skp007667
skp021148,skp013666
skp038427,skp007667
skp020187,skp007667
skp038307,skp007667
skp017962,skp007667
skp040763,skp007667
skp017282,skp007667
skp031359,skp007667
skp000750,skp007667
skp003592,skp007667
skp003592,skp008594
skp003592,skp019601
skp017330,skp007667
skp017330,skp019601
skp002542,skp007667
skp009777,skp007667
skp043653,skp007667
skp018411,skp007667
skp041609,skp007667
skp026639,skp007667
skp011030,skp007667
skp036272,skp007667
skp031747,skp009119
skp031747,skp007667
skp014901,skp007667
skp033866,skp007667
skp000515,skp007667
skp019298,skp025377
skp019298,skp025402
skp015539,skp007667
skp008292,skp007667
skp008292,skp013666
skp044830,skp007667
skp033476,skp025402
skp033476,skp007667
skp051679,skp007667
skp012991,skp007667
skp012646,skp007667
skp051682,skp007667
skp007874,skp007667
skp039966,skp000312
skp039966,skp007667
skp037246,skp007667
skp010281,skp007667
skp022698,skp007667
skp005295,skp036829
skp005295,skp007667
skp007383,skp007667
skp008296,skp007667
skp036733,skp007667
skp038587,skp007667
skp020590,skp041165
skp020590,skp007667
skp025732,skp007667
skp007667,skp021415
skp053509,skp007667
skp051746,skp007667
skp043290,skp007667
skp033001,skp007667
skp015440,skp007667
skp036329,skp007667
skp025728,skp007667
skp007646,skp008594
skp002571,skp007667
skp013666,skp038643
skp013666,skp008594
skp013666,skp007667
skp015633,skp007667
skp028978,skp007667
skp039808,skp007667
skp039808,skp019601
skp013222,skp007667
skp040883,skp008594
skp040883,skp007667
skp026872,skp007667
skp023015,skp007667
skp022711,skp007667
skp018067,skp007667
skp000642,skp007667
skp000642,skp009805
skp042090,skp008594
skp034508,skp007667
skp034508,skp031861
skp020577,skp007667
skp011474,skp009410
skp011474,skp007667
skp003252,skp007667
skp036799,skp007667
skp051899,skp007667
skp038090,skp007667
skp034106,skp007667
skp029163,skp007667
skp029163,skp008594
skp029163,skp031861
skp005563,skp007667
skp051608,skp007667
skp018501,skp007667
skp029344,skp005051
skp029344,skp007667
skp021691,skp007667
skp026308,skp007667
skp027252,skp007667
skp008594,skp033818
skp008594,skp013667
skp031861,skp008594
skp019298,skp007667
skp040028,skp007667
skp010540,skp008594
skp007646,skp007667
skp007667,skp041277
skp007667,skp007265
skp007667,skp033095
skp007667,skp013253
skp007667,skp010056
skp007667,skp036538
skp007667,skp004618
skp007667,skp010926
skp007667,skp019564
skp007667,skp038400
skp007667,skp007051
skp007667,skp019311
skp007667,skp036544
skp007667,skp002475
skp007667,skp025722
skp007667,skp001399
skp007667,skp020676
skp007667,skp044780
skp007667,skp000281
skp007667,skp009119
skp007667,skp019342
skp007667,skp023913
skp007667,skp006484
skp007667,skp036829
skp007667,skp016967
skp007667,skp002817
skp007667,skp024283
skp007667,skp025402
skp007667,skp025637
skp007667,skp018476
skp007667,skp019197
skp007667,skp025866
skp007667,skp002821
skp007667,skp004609
skp007667,skp031816
skp007667,skp009237
skp007667,skp008619
skp007667,skp004313
skp007667,skp006710
skp007667,skp040697
skp007667,skp036001
skp007667,skp053508
skp007667,skp022120
skp007667,skp040529
skp007667,skp005204
skp007667,skp021033
skp007667,skp053145
skp007667,skp052174
skp007667,skp015779
skp007667,skp036898
skp007667,skp042502
skp007667,skp024022
skp007667,skp024328
skp007667,skp000738
skp007667,skp021767
skp007667,skp017514
skp007667,skp021070
skp007667,skp016559
skp007667,skp022274
skp007667,skp021775
skp007667,skp035864
skp007667,skp042142
skp007667,skp043494
skp007667,skp038053
skp007667,skp026676
skp007667,skp017677
skp007667,skp053175
skp007667,skp021776
skp007667,skp021148
skp007667,skp038427
skp007667,skp017282
skp007667,skp000750
skp007667,skp003592
skp007667,skp010567
skp007667,skp017330
skp007667,skp009777
skp007667,skp013555
skp007667,skp030662
skp007667,skp031747
skp007667,skp014901
skp007667,skp003440
skp007667,skp033866
skp007667,skp053207
skp007667,skp042044
skp007667,skp019298
skp007667,skp019247
skp007667,skp020187
skp007667,skp017962
skp007667,skp040763
skp007667,skp040028
skp007667,skp008292
skp007667,skp019601
skp025732,skp025732
skp007667,skp039966
skp007667,skp010281
skp007667,skp005295
skp007667,skp036729
skp007667,skp008296
skp007667,skp038587
skp007667,skp033740
skp007667,skp040535
skp007667,skp020590
skp007667,skp044575
skp007667,skp000772
skp007667,skp052471
skp007667,skp033001
skp007667,skp015440
skp007667,skp040097
skp007667,skp036329
skp007667,skp025728
skp007667,skp051761
skp007667,skp040224
skp007667,skp002571
skp007667,skp013666
skp007667,skp009805
skp007667,skp039808
skp007667,skp013222
skp007667,skp022711
skp007667,skp018067
skp007667,skp000642
skp007667,skp042090
skp007667,skp034508
skp007667,skp020577
skp007667,skp011474
skp007667,skp029163
skp007667,skp009685
skp007667,skp005563
skp007667,skp029344
skp007667,skp043605
skp007667,skp024488
skp007667,skp049081
skp008594,skp007667
skp031861,skp008595
skp007667,skp041922
skp016830,skp013850
skp028586,skp013850
skp038427,skp013850
skp029163,skp008334
skp033866,skp020263
skp038400,skp011045
skp024328,skp011045
skp028586,skp011045
skp026639,skp011045
skp038400,skp039717
skp025722,skp039717
skp017330,skp039717
skp005563,skp039717
skp024022,skp002821
skp020546,skp002821
skp040883,skp002821
skp029163,skp002821
skp019342,skp038724
skp008594,skp038724
skp038400,skp023083
skp038400,skp025230
skp025402,skp024350
skp016830,skp049130
skp028586,skp009843
skp028586,skp010057
skp028586,skp028419
skp028586,skp027264
skp028586,skp025230
skp028586,skp016063
skp035864,skp027264
skp007667,skp024950
skp041609,skp049138
skp019601,skp008170
skp002542,skp049144
skp040883,skp012076
skp020676,skp008334
skp020546,skp008334
skp020590,skp008334
skp040883,skp008334
skp035864,skp037752
skp035864,skp044470
skp035864,skp009755
skp035864,skp009025
skp002821,skp037787
skp038400,skp038500
skp004618,skp035829
skp002475,skp035829
skp010540,skp030638
skp002821,skp039791
skp002821,skp014977
skp002821,skp016522
skp024022,skp037916
skp035864,skp002275
skp035864,skp049256
skp038427,skp051507
skp008594,skp041899
skp008594,skp049260
skp008594,skp049261
skp013555,skp041609
skp041609,skp040237
skp026308,skp035829
skp035864,skp001862
skp035864,skp043317
skp035864,skp028994
skp008595,skp035864
skp031861,skp035864
skp002821,skp035864
skp020546,skp035864
skp035864,skp018411
skp035864,skp028968
skp035864,skp039457
skp035864,skp029163
skp029163,skp009755
skp035864,skp003623
skp035864,skp005130
skp035864,skp016870
skp035864,skp001803
skp035864,skp026196
skp035864,skp024389
skp035864,skp013488
skp035864,skp036476
skp039808,skp035864
skp020676,skp035864
skp038587,skp035864
skp034508,skp035864
skp035864,skp013303
skp035864,skp040757
skp035864,skp020676
skp035864,skp045055
skp035864,skp040162
skp035864,skp034930
skp035864,skp026787
skp035864,skp026532
skp035864,skp035730
skp035864,skp034508
skp035864,skp019348
skp035864,skp000684
skp035864,skp023564
skp008296,skp051599
skp043605,skp051360
skp026308,skp051365
skp026308,skp043680
skp026308,skp043366
skp026308,skp049697
skp026308,skp051836
skp042949,skp002959
skp033866,skp002959
skp013104,skp002959
skp020676,skp020583
skp016967,skp014918
skp028586,skp038427
skp028586,skp037537
skp002821,skp003104
skp028586,skp025402
skp028586,skp009828
skp028586,skp007472
skp028586,skp012261
skp028586,skp034508
skp035864,skp000303
skp035864,skp051517
skp035864,skp036066
skp035864,skp016285
skp035864,skp050087
skp038427,skp034930
skp016830,skp029119
skp028586,skp042320
skp028586,skp032574
skp028586,skp008819
skp038427,skp042320
skp028586,skp009211
skp028586,skp031486
skp028586,skp028993
skp028586,skp024160
skp028586,skp026221
skp003592,skp019127
skp035864,skp031684
skp035864,skp042242
skp035864,skp021655
skp008594,skp005277
skp003592,skp014064
skp003592,skp031339
skp041609,skp050278
skp035864,skp050306
skp040883,skp030010
skp040883,skp016522
skp029163,skp028573
skp026308,skp014166
skp031747,skp043202
skp035864,skp034037
skp035864,skp002792
skp035864,skp018859
skp035864,skp012995
skp035864,skp006539
skp035864,skp014308
skp035864,skp031747
skp035864,skp033463
skp035864,skp044086
skp035864,skp042335
skp035864,skp015473
skp035864,skp050424
skp007646,skp035864
skp020676,skp025402
skp009119,skp035864
skp037772,skp035864
skp025402,skp035864
skp035829,skp035864
skp042949,skp035864
skp017962,skp035864
skp025402,skp007646
skp019298,skp035864
skp008296,skp035864
skp038090,skp035864
skp024022,skp002959
skp019342,skp010055
skp024022,skp010055
skp028586,skp010055
skp020546,skp010055
skp029163,skp010055
skp013104,skp016522
skp038400,skp024112
skp025722,skp024112
skp016830,skp014031
skp040883,skp002959
skp004618,skp031339
skp002821,skp008314
skp002821,skp019198
skp002821,skp014095
skp002821,skp040827
skp042949,skp032939
skp042949,skp038436
skp016830,skp008594
skp028586,skp035864
skp034106,skp003696
skp025637,skp009101
skp028586,skp009101
skp028586,skp021655
skp028586,skp052504
skp028586,skp009507
skp028586,skp041798
skp028586,skp000209
skp028586,skp012062
skp028586,skp026615
skp028586,skp003623
skp028586,skp026479
skp028586,skp010431
skp028586,skp006529
skp028586,skp034517
skp028586,skp038586
skp028586,skp005308
skp028586,skp016870
skp028586,skp014308
skp028586,skp016858
skp028586,skp040751
skp028586,skp004878
skp028586,skp026861
skp028586,skp009121
skp028586,skp035965
skp028586,skp012149
skp028586,skp013424
skp028586,skp007352
skp028586,skp003711
skp028586,skp008293
skp028586,skp007646
skp028586,skp009078
skp028586,skp012673
skp028586,skp024280
skp028586,skp004701
skp028586,skp037335
skp028586,skp012185
skp028586,skp027249
skp028586,skp014007
skp028586,skp016337
skp028586,skp009845
skp028586,skp019722
skp028586,skp003228
skp028586,skp007667
skp028586,skp012201
skp028586,skp016318
skp028586,skp042871
skp028586,skp026377
skp028586,skp039851
skp028586,skp013265
skp021767,skp021835
skp025402,skp050513
skp028586,skp024112
skp028586,skp000228
skp028586,skp036048
skp025637,skp032432
skp025637,skp017890
skp025637,skp017641
skp025637,skp042512
skp025637,skp039872
skp025637,skp020707
skp025637,skp000156
skp025637,skp050524
skp025637,skp037552
skp025637,skp051942
skp025637,skp020706
skp025637,skp042022
skp025637,skp033448
skp025637,skp029243
skp025637,skp050525
skp035864,skp003212
skp035864,skp016941
skp035864,skp037243
skp035864,skp040099
skp035864,skp023246
skp035864,skp006796
skp038427,skp024112
skp008594,skp017920
skp008594,skp050539
skp003592,skp034188
skp017330,skp051315
skp017330,skp030790
skp017330,skp050552
skp007874,skp008594
skp035864,skp028924
skp035864,skp006762
skp035864,skp006929
skp035864,skp028479
skp035864,skp032384
skp025722,skp021213
skp035864,skp050624
skp035864,skp052248
skp008594,skp003313
skp039808,skp008594
skp026308,skp034956
skp011474,skp037976
skp011474,skp019601
skp020546,skp002959
skp019601,skp033462
skp034106,skp024024
skp035864,skp002959
skp025866,skp035864
skp028586,skp026807
skp035864,skp008383
skp035864,skp005174
skp035864,skp028447
skp035864,skp002098
skp018411,skp033965
skp018411,skp009126
skp018411,skp035864
skp018411,skp004656
skp028586,skp037757
skp028586,skp015825
skp028586,skp028968
skp035864,skp027262
skp035864,skp012673
skp035864,skp042292
skp035864,skp037772
skp035864,skp033337
skp035864,skp041798
skp035864,skp026161
skp035864,skp016321
skp035864,skp010138
skp035864,skp012986
skp035864,skp038078
skp035864,skp006802
skp035864,skp031942
skp035864,skp026889
skp035864,skp008335
skp035864,skp012261
skp035864,skp032501
skp035864,skp004810
skp038427,skp050900
skp026639,skp035864
skp038400,skp037757
skp038427,skp037757
skp028978,skp002959
skp025722,skp042532
skp035863,skp029783
skp002821,skp023986
skp038400,skp020788
skp038400,skp004894
skp038400,skp038423
skp038400,skp042273
skp038400,skp002413
skp038400,skp038433
skp038400,skp024300
skp038400,skp041646
skp038400,skp023745
skp038400,skp024354
skp038400,skp038607
skp038400,skp032222
skp038400,skp034833
skp038400,skp031461
skp038400,skp025771
skp038400,skp038613
skp038400,skp006507
skp038400,skp029185
skp038400,skp021254
skp005563,skp037757
skp035864,skp002048
skp035864,skp003868
skp035864,skp037816
skp035864,skp033466
skp035864,skp024024
skp035864,skp031486
skp035864,skp042402
skp035864,skp031940
skp035864,skp028856
skp035864,skp016943
skp035864,skp038347
skp035864,skp013509
skp035864,skp011724
skp028586,skp020676
skp028586,skp044136
skp028586,skp036433
skp028586,skp037816
skp028586,skp020683
skp035864,skp009121
skp025544,skp007667
skp035864,skp020380
skp035864,skp010907
skp035864,skp031598
skp035864,skp012081
skp035864,skp002974
skp035864,skp051123
skp028586,skp010069
skp028586,skp041865
skp003592,skp005247
skp003592,skp035964
skp028586,skp003890
skp026308,skp044566
skp026308,skp036808
skp001312,skp008594
skp037816,skp008594
skp025656,skp008594
skp042578,skp035864
skp029080,skp008594
skp012009,skp041609
skp052330,skp041609
skp043450,skp041699
skp020583,skp035864
skp009206,skp041699
skp040757,skp038427
skp003484,skp038427
skp032005,skp038427
skp002447,skp038427
skp038586,skp038427
skp008334,skp038427
skp024389,skp038427
skp020583,skp038427
skp029879,skp008594
skp024540,skp008594
skp024540,skp033866
skp008334,skp008594
skp042320,skp019564
skp002959,skp008594
skp002918,skp008594
skp027293,skp008594
skp039629,skp008594
skp039630,skp008594
skp010756,skp008594
skp029488,skp025637
skp026232,skp025637
skp038381,skp025637
skp025365,skp025637
skp024271,skp025637
skp004893,skp025637
skp011548,skp025637
skp036324,skp025637
skp012080,skp025637
skp015916,skp025637
skp024274,skp025637
skp013529,skp025637
skp005673,skp025637
skp026255,skp008594
skp013419,skp025637
skp035817,skp038090
skp028550,skp025722
skp008951,skp026308
skp039632,skp008594
skp039633,skp008594
skp039637,skp008594
skp005615,skp008594
skp004601,skp008594
skp009731,skp035864
skp039628,skp008594
skp039631,skp008594
skp041655,skp008594
skp039634,skp008594
skp010055,skp008594
skp039529,skp008594
skp008252,skp001653
skp042823,skp016830
skp046382,skp016830
skp027159,skp016830
skp010075,skp016830
skp018615,skp016830
skp001882,skp016830
skp019305,skp016830
skp024398,skp016830
skp036026,skp016830
skp003393,skp016830
skp024317,skp016830
skp032750,skp016830
skp016858,skp016830
skp042277,skp016830
skp040234,skp016830
skp028842,skp016830
skp029086,skp016830
skp019480,skp016830
skp006508,skp016830
skp019811,skp016830
skp042227,skp016830
skp008927,skp016830
skp035987,skp016830
skp017261,skp016830
skp019539,skp016830
skp004243,skp016830
skp044701,skp016830
skp016423,skp016830
skp003717,skp016830
skp031152,skp016830
skp010076,skp016830
skp025079,skp016830
skp031088,skp016830
skp009574,skp016830
skp023261,skp016830
skp013320,skp016830
skp026821,skp016830
skp013419,skp016830
skp038568,skp016830
skp029986,skp016830
skp006336,skp016830
skp001761,skp016830
skp043320,skp016830
skp006502,skp016830
skp014759,skp016830
skp002954,skp016830
skp024187,skp016830
skp001885,skp016830
skp024128,skp016830
skp027264,skp016830
skp037851,skp016830
skp003696,skp016830
skp013508,skp016830
skp051228,skp016830
skp001172,skp016830
skp036089,skp016830
skp042320,skp016830
skp024112,skp016830
skp038533,skp016830
skp012307,skp016830
skp023912,skp016830
skp022392,skp016830
skp037938,skp016830
skp028970,skp016830
skp027967,skp016830
skp001918,skp016830
skp026678,skp016830
skp002644,skp016830
skp008617,skp016830
skp006846,skp016830
skp051410,skp016830
skp035981,skp016830
skp005714,skp016830
skp034167,skp016830
skp002925,skp016830
skp006847,skp008594
skp003104,skp038090
skp002809,skp008594
skp007666,skp008594
skp017076,skp008594
skp003104,skp008594
skp019854,skp038400
skp028233,skp008594
skp023730,skp008594
skp012673,skp016830
skp044829,skp016830
skp029733,skp016830
skp029251,skp016830
skp053080,skp016830
skp029346,skp016830
skp017204,skp025866
skp042314,skp016830
skp008378,skp016830
skp028422,skp016830
skp005091,skp016830
skp008293,skp016830
skp040839,skp016830
skp034321,skp016830
skp028839,skp016830
skp026187,skp016830
skp038272,skp016830
skp040830,skp016830
skp044586,skp016830
skp024160,skp016830
skp011374,skp016830
skp026431,skp016830
skp028475,skp016830
skp037816,skp016830
skp042335,skp016830
skp028993,skp016830
skp006970,skp016830
skp044420,skp016830
skp039851,skp028586
skp001591,skp016830
skp044470,skp016830
skp028573,skp016830
skp033487,skp016830
skp042626,skp016830
skp032407,skp016830
skp026807,skp016830
skp008902,skp016830
skp017014,skp028586
skp003623,skp028586
skp031919,skp016830
skp036767,skp016830
skp008502,skp016830
skp035965,skp016830
skp011875,skp016830
skp022320,skp016830
skp014308,skp016830
skp008025,skp016830
skp027356,skp016830
skp026850,skp016830
skp037134,skp016830
skp044141,skp016830
skp028048,skp016830
skp019955,skp016830
skp014491,skp016830
skp007207,skp016830
skp020895,skp016830
skp010310,skp016830
skp042395,skp016830
skp037459,skp016830
skp020562,skp016830
skp012062,skp016830
skp039717,skp016830
skp010001,skp016830
skp011045,skp016830
skp024300,skp016830
skp001354,skp016830
skp002034,skp016830
skp044824,skp016830
skp053086,skp016830
skp023855,skp016830
skp018777,skp016830
skp026002,skp016830
skp044848,skp016830
skp021179,skp016830
skp015551,skp016830
skp027530,skp016830
skp044136,skp016830
skp012310,skp016830
skp042082,skp016830
skp004522,skp016830
skp036048,skp028586
skp016870,skp016830
skp003243,skp016830
skp007381,skp016830
skp007496,skp016830
skp012121,skp016830
skp032209,skp016830
skp023799,skp016830
skp036048,skp016830
skp000684,skp016830
skp032437,skp016830
skp003559,skp016830
skp013463,skp016830
skp018306,skp016830
skp003923,skp016830
skp019155,skp016830
skp035952,skp016830
skp040890,skp016830
skp003662,skp016830
skp003657,skp016830
skp041157,skp016830
skp038798,skp016830
skp034490,skp016830
skp028807,skp016830
skp006880,skp016830
skp019808,skp016830
skp008180,skp016830
skp012261,skp016830
skp012261,skp028586
skp028590,skp016830
skp001407,skp016830
skp016916,skp016830
skp009720,skp016830
skp020255,skp016830
skp028913,skp016830
skp008293,skp028586
skp031889,skp016830
skp025512,skp016830
skp003349,skp016830
skp039570,skp016830
skp011835,skp016830
skp003737,skp016830
skp002690,skp008594
skp022016,skp008594
skp017204,skp026308
skp009416,skp016830
skp028416,skp016830
skp003942,skp016830
skp014150,skp016830
skp011377,skp016830
skp038091,skp016830
skp026572,skp016830
skp015993,skp038090
skp017436,skp008594
skp028573,skp028586
skp020583,skp002821
skp001862,skp035864
skp001862,skp028586
skp001862,skp038400
skp017611,skp020676
skp009025,skp008594
skp026221,skp008594
skp002594,skp008594
skp010515,skp008594
skp038169,skp041609
skp017558,skp026308
skp026972,skp008594
skp038300,skp008594
skp028644,skp008594
skp044698,skp008594
skp036342,skp008594
skp008847,skp008594
skp046644,skp008594
skp027243,skp008594
skp020001,skp008594
skp012673,skp008594
skp026928,skp008594
skp021896,skp008594
skp018221,skp008594
skp014205,skp008594
skp018156,skp008594
skp024752,skp008594
skp003290,skp008594
skp032257,skp008594
skp011851,skp008594
skp038226,skp008594
skp002447,skp008594
skp022515,skp008594
skp013924,skp008594
skp027142,skp008594
skp007030,skp008594
skp030797,skp008594
skp025927,skp008594
skp026650,skp008594
skp017268,skp028586
skp042478,skp016830
skp011706,skp038400
skp037427,skp008594
skp046684,skp008594
skp041915,skp008594
skp046685,skp008594
skp008960,skp008594
skp036203,skp016830
skp022710,skp016830
skp026920,skp007646
skp026920,skp016830
skp028968,skp016830
skp037657,skp016830
skp011538,skp016830
skp031476,skp016830
skp028479,skp016830
skp028479,skp007646
skp042455,skp016830
skp008636,skp016830
skp019383,skp016830
skp006733,skp016830
skp017268,skp016830
skp024118,skp016830
skp041207,skp016830
skp014095,skp038090
skp002048,skp035864
skp040889,skp024022
skp040889,skp028586
skp040889,skp020546
skp040889,skp008594
skp040889,skp002475
skp040889,skp035864
skp026807,skp028586
skp038729,skp028586
skp002269,skp008594
skp028885,skp016830
skp036476,skp016830
skp003623,skp016830
skp016959,skp016830
skp017073,skp008594
skp024160,skp008595
skp001918,skp025722
skp009156,skp031816
skp038780,skp008594
skp024322,skp008594
skp037823,skp008594
skp038346,skp008594
skp039791,skp024022
skp020279,skp008594
skp019168,skp008594
skp023674,skp008594
skp003887,skp008594
skp003914,skp031816
skp032404,skp008594
skp028081,skp026308
skp030178,skp008594
skp003158,skp008594
skp014175,skp008594
skp017558,skp041609
skp001845,skp008594
skp002730,skp008594
skp003737,skp004618
skp039666,skp004618
skp025209,skp008594
skp008534,skp008594
skp034327,skp008594
skp019691,skp008594
skp032471,skp008594
skp002041,skp008594
skp027262,skp008594
skp020831,skp008594
skp015781,skp008594
skp026376,skp008594
skp040330,skp008594
skp041934,skp008594
skp037547,skp008594
skp028353,skp008594
skp008383,skp008594
skp008747,skp008594
skp043450,skp008594
skp032917,skp008594
skp002329,skp008594
skp027234,skp008594
skp001947,skp008594
skp002485,skp008595
skp014166,skp008594
skp025036,skp008594
skp027274,skp008594
skp040881,skp008594
skp003286,skp008594
skp024719,skp008594
skp019713,skp008594
skp030018,skp008594
skp038908,skp008594
skp002009,skp008594
skp030929,skp008594
skp014490,skp008594
skp027193,skp008594
skp035152,skp008594
skp003969,skp008594
skp015639,skp008594
skp003789,skp008594
skp026925,skp008594
skp027042,skp008594
skp021322,skp008594
skp017171,skp008594
skp023606,skp008594
skp021737,skp008594
skp003035,skp008594
skp001582,skp008594
skp007694,skp008594
skp002213,skp008594
skp004251,skp008594
skp051319,skp008594
skp013003,skp008594
skp038431,skp008594
skp003179,skp008594
skp017628,skp008594
skp037984,skp008594
skp021870,skp008594
skp034753,skp008594
skp003303,skp008594
skp041165,skp008594
skp026260,skp008594
skp028484,skp008594
skp025834,skp008594
skp051470,skp008594
skp031420,skp008594
skp029430,skp008594
skp003278,skp008594
skp016650,skp008594
skp004668,skp008594
skp044673,skp008594
skp014977,skp008594
skp010733,skp008594
skp040141,skp008594
skp042485,skp008594
skp004625,skp008594
skp038094,skp008594
skp016842,skp008594
skp003198,skp008594
skp011535,skp008594
skp002431,skp008594
skp023717,skp008594
skp008553,skp008594
skp027098,skp008594
skp031270,skp008594
skp032266,skp008594
skp038944,skp008594
skp033038,skp008594
skp010052,skp008594
skp031053,skp008595
skp013912,skp008594
skp051600,skp008594
skp016669,skp008594
skp034273,skp008594
skp042246,skp008594
skp032353,skp008594
skp038682,skp008594
skp021980,skp008594
skp016883,skp008594
skp009802,skp008594
skp004990,skp008594
skp029768,skp008594
skp027181,skp008594
skp001252,skp008594
skp011646,skp008594
skp025931,skp008594
skp031342,skp008594
skp024395,skp008594
skp038328,skp008594
skp020485,skp008594
skp051924,skp008594
skp021845,skp008594
skp022950,skp008594
skp017411,skp008594
skp004666,skp008594
skp023618,skp008594
skp001579,skp008594
skp012921,skp008594
skp010773,skp008594
skp023888,skp008594
skp013626,skp008594
skp041914,skp008594
skp032966,skp008594
skp034719,skp008594
skp008219,skp008594
skp015500,skp008594
skp025061,skp008594
skp021525,skp008594
skp027178,skp008594
skp042633,skp008594
skp008638,skp008594
skp017816,skp008594
skp042616,skp008594
skp016490,skp008594
skp034292,skp008594
skp034551,skp008594
skp000761,skp008594
skp040689,skp008594
skp032934,skp008594
skp025781,skp008594
skp025022,skp008594
skp015796,skp008594
skp003659,skp008594
skp010703,skp008594
skp032685,skp008594
skp010747,skp008594
skp025842,skp008594
skp024310,skp008594
skp002480,skp008594
skp004779,skp008594
skp044681,skp008594
skp044724,skp008594
skp000684,skp008594
skp027254,skp008594
skp033690,skp008594
skp000919,skp008594
skp046923,skp008594
skp008002,skp008594
skp026921,skp008594
skp005184,skp016830
skp029229,skp016830
skp017529,skp016830
skp024035,skp016830
skp012093,skp016830
skp043833,skp016830
skp018472,skp016830
skp025398,skp008594
skp043064,skp016830
skp024271,skp016830
skp015554,skp016830
skp004055,skp016830
skp008763,skp016830
skp020663,skp016830
skp003694,skp016830
skp016858,skp025637
skp014165,skp008594
skp019286,skp008594
skp035895,skp008594
skp001422,skp008594
skp003478,skp008594
skp018662,skp008594
skp009755,skp008594
skp004915,skp008594
skp026929,skp008594
skp022046,skp008594
skp014895,skp008594
skp036941,skp008594
skp020799,skp008594
skp041918,skp008594
skp013923,skp008594
skp043053,skp008594
skp034724,skp008594
skp010746,skp008594
skp030018,skp026308
skp039626,skp008594
skp039635,skp008594
skp039638,skp008594
skp039639,skp008594
skp015769,skp008594
skp015770,skp008594
skp039641,skp008594
skp039642,skp008594
skp039643,skp008594
skp039644,skp008594
skp026925,skp026308
skp034766,skp026308
skp030018,skp008595
skp031617,skp038090
skp015345,skp038090
skp002204,skp038090
skp021157,skp038090
skp012772,skp038090
skp005918,skp038090
skp002612,skp038090
skp005169,skp038090
skp043117,skp038090
skp018644,skp038090
skp017969,skp038090
skp003101,skp038090
skp015184,skp038090
skp001656,skp038090
skp011449,skp038090
skp003132,skp038090
skp040970,skp038090
skp012448,skp038090
skp032946,skp038090
skp032951,skp038090
skp038116,skp038090
skp012434,skp038090
skp027102,skp038090
skp041499,skp038090
skp041298,skp038090
skp003672,skp038090
skp039402,skp038090
skp016609,skp038090
skp043644,skp038090
skp012302,skp038090
skp023487,skp038090
skp006874,skp038090
skp005915,skp038090
skp026009,skp038090
skp004352,skp038090
skp014128,skp038090
skp021334,skp038090
skp027247,skp038090
skp018011,skp038090
skp015110,skp038090
skp009636,skp038090
skp043940,skp038090
skp005184,skp038090
skp021906,skp038090
skp021573,skp038090
skp043592,skp038090
skp041996,skp038090
skp010311,skp038090
skp006083,skp038090
skp025426,skp038090
skp034026,skp038090
skp047050,skp038090
skp010151,skp038090
skp019868,skp038090
skp044459,skp038090
skp002285,skp038090
skp018964,skp038090
skp002687,skp038090
skp030177,skp038090
skp032106,skp038090
skp005196,skp038090
skp032536,skp038090
skp018615,skp038090
skp004249,skp038090
skp032687,skp038090
skp003270,skp038090
skp032281,skp038090
skp021813,skp038090
skp025548,skp038090
skp032286,skp038090
skp029123,skp038090
skp015452,skp038090
skp034239,skp038090
skp026154,skp038090
skp015896,skp038090
skp004034,skp038090
skp040827,skp038090
skp016595,skp038090
skp042871,skp038090
skp042274,skp038090
skp029185,skp038090
skp003950,skp038090
skp028653,skp038090
skp014491,skp038090
skp010169,skp038090
skp010965,skp038090
skp025585,skp038090
skp008538,skp038090
skp012645,skp038090
skp017204,skp038090
skp014175,skp038090
skp014181,skp038090
skp016046,skp038090
skp019146,skp038090
skp027120,skp038090
skp031859,skp038090
skp033706,skp038090
skp041496,skp038090
skp043660,skp038090
skp019556,skp038090
skp044502,skp038090
skp037082,skp038090
skp030648,skp038090
skp016112,skp038090
skp000710,skp038090
skp047056,skp038090
skp030647,skp038090
skp021158,skp038090
skp001157,skp038090
skp004409,skp038090
skp009493,skp038090
skp047059,skp038090
skp031249,skp038090
skp010145,skp038090
skp047060,skp038090
skp034240,skp038090
skp021458,skp038090
skp005827,skp038090
skp044206,skp038090
skp010959,skp038090
skp037787,skp020546
skp037787,skp008594
skp028081,skp008594
skp041409,skp008594
skp034326,skp008594
skp015626,skp008594
skp026489,skp035864
skp026414,skp035864
skp002466,skp035864
skp006927,skp035864
skp028573,skp029163
skp024127,skp008594
skp040753,skp008594
skp014095,skp008594
skp016394,skp008594
skp023632,skp008594
skp047281,skp008594
skp043373,skp008594
skp053480,skp008595
skp007668,skp008594
skp028447,skp008594
skp044470,skp008594
skp037821,skp008594
skp003271,skp008594
skp040331,skp008594
skp047283,skp008594
skp036948,skp008594
skp032229,skp008594
skp024251,skp035829
skp008747,skp002821
skp033543,skp002821
skp006632,skp041609
skp016313,skp002821
skp017611,skp035864
skp003868,skp035864
skp037651,skp025637
skp008293,skp025637
skp017641,skp025637
skp039341,skp010540
skp037757,skp016830
skp028629,skp025637
skp019497,skp025637
skp019497,skp016830
skp004576,skp010540
skp002836,skp025637
skp038531,skp025637
skp024377,skp025637
skp025520,skp025637
skp026194,skp008594
skp026194,skp041609
skp000540,skp025637
skp020569,skp025637
skp026401,skp025637
skp008164,skp025637
skp038069,skp025637
skp003774,skp025637
skp037907,skp035864
skp027751,skp025637
skp010250,skp025637
skp001693,skp041609
skp018338,skp025637
skp011549,skp025637
skp020843,skp025637
skp017043,skp025637
skp024278,skp025637
skp042464,skp025637
skp019539,skp025637
skp006117,skp025637
skp019450,skp008594
skp039749,skp008594
skp012328,skp010540
skp026818,skp041609
skp012732,skp008594
skp040761,skp025637
skp019237,skp008594
skp028655,skp025637
skp030613,skp025637
skp051942,skp025637
skp008305,skp025637
skp003539,skp025637
skp043320,skp025637
skp017419,skp025637
skp029635,skp025637
skp016857,skp025637
skp039982,skp025637
skp044408,skp025637
skp028501,skp025637
skp006517,skp025637
skp024282,skp025637
skp016173,skp025637
skp032131,skp025637
skp013412,skp010540
skp020542,skp013104
skp001948,skp025637
skp029227,skp025637
skp025766,skp025637
skp022383,skp025637
skp039851,skp025637
skp037925,skp025637
skp036265,skp025637
skp008405,skp025637
skp003470,skp025637
skp040560,skp025637
skp003299,skp025637
skp041984,skp041609
skp028585,skp025637
skp033843,skp025637
skp021547,skp025637
skp012261,skp025637
skp004957,skp028586
skp004410,skp010540
skp025754,skp025637
skp041865,skp025637
skp023993,skp025637
skp029251,skp025637
skp023646,skp041609
skp010245,skp025637
skp015501,skp008594
skp019576,skp025637
skp017891,skp010540
skp017278,skp025637
skp028520,skp025637
skp021606,skp041609
skp009455,skp010540
skp010893,skp025637
skp005481,skp008594
skp026020,skp025637
skp026424,skp025637
skp009101,skp025637
skp026892,skp025637
skp011517,skp025637
skp003618,skp025637
skp027356,skp025637
skp012335,skp025637
skp037401,skp035864
skp040078,skp025637
skp042493,skp025637
skp039315,skp035864
skp013145,skp025637
skp005093,skp025637
skp008261,skp025637
skp009957,skp025637
skp024482,skp025637
skp040079,skp025637
skp042495,skp025637
skp029348,skp025637
skp029270,skp025637
skp015604,skp025637
skp015615,skp025637
skp032223,skp025637
skp029037,skp025637
skp013499,skp025637
skp025218,skp025637
skp024516,skp025637
skp032128,skp025637
skp021614,skp025637
skp012784,skp025637
skp015795,skp008594
skp003473,skp025637
skp017150,skp025637
skp036144,skp025637
skp043343,skp025637
skp022005,skp010540
skp044581,skp008594
skp008959,skp008594
skp013965,skp008594
skp025546,skp025637
skp023950,skp038090
skp036436,skp008594
skp016951,skp025637
skp031486,skp028586
skp029050,skp025637
skp006507,skp025637
skp003157,skp008594
skp036437,skp008594
skp001997,skp008594
skp006848,skp008594
skp025076,skp008594
skp040917,skp008594
skp043315,skp008594
skp012973,skp008594
skp020783,skp008594
skp008037,skp025637
skp029436,skp008594
skp020617,skp025637
skp016550,skp035864
skp016550,skp029163
skp038006,skp008594
skp024693,skp010540
skp024271,skp019564
skp016522,skp020546
skp020583,skp025402
skp019589,skp025637
skp020583,skp025866
skp020583,skp006710
skp020583,skp028586
skp020583,skp020546
skp020152,skp025637
skp020583,skp007383
skp020583,skp040883
skp020583,skp034508
skp020583,skp029163
skp034186,skp024022
skp034699,skp008594
skp026989,skp008594
skp014101,skp008594
skp043900,skp008594
skp042245,skp008594
skp042512,skp025637
skp037833,skp010540
skp036571,skp038400
skp036853,skp038400
skp030871,skp010540
skp020842,skp008594
skp004651,skp008594
skp033493,skp008594
skp035939,skp008594
skp023510,skp008594
skp024680,skp008594
skp025578,skp035864
skp025761,skp000772
skp038724,skp023913
skp018912,skp008594
skp038724,skp008594
skp029653,skp025637
skp043948,skp025637
skp003898,skp025637
skp035828,skp035864
skp009822,skp025637
skp010043,skp025637
skp036661,skp041609
skp004951,skp025637
skp053542,skp025637
skp023835,skp016830
skp035965,skp010540
skp013392,skp025637
skp004977,skp025637
skp035928,skp025637
skp044865,skp025637
skp009733,skp025637
skp020252,skp025637
skp038533,skp025637
skp009659,skp025637
skp018757,skp025637
skp010130,skp041609
skp039872,skp025637
skp021268,skp025637
skp034038,skp008594
skp032432,skp025637
skp025298,skp025637
skp031347,skp025637
skp005062,skp025637
skp013583,skp025637
skp019138,skp010540
skp035739,skp025637
skp028662,skp025637
skp005847,skp025637
skp038443,skp025637
skp039717,skp025637
skp024912,skp008594
skp007034,skp008594
skp024354,skp025637
skp032464,skp008594
skp031753,skp025637
skp013653,skp025637
skp038292,skp025637
skp038292,skp028586
skp027138,skp035864
skp028079,skp025637
skp010188,skp025637
skp015885,skp021775
skp041472,skp025637
skp003623,skp025637
skp009782,skp025637
skp032149,skp025637
skp042275,skp025637
skp012396,skp025637
skp013389,skp025637
skp025690,skp025637
skp005334,skp041609
skp027653,skp025637
skp032637,skp025637
skp034905,skp025637
skp028042,skp025637
skp025656,skp035864
skp006847,skp035864
skp009932,skp035864
skp003662,skp035864
skp028539,skp035864
skp016612,skp035864
skp014361,skp035864
skp012995,skp035864
skp003775,skp008594
skp009501,skp008594
skp005366,skp008594
skp018469,skp008594
skp007122,skp008594
skp007532,skp008594
skp039386,skp008594
skp040162,skp035864
skp013369,skp008594
skp035837,skp008594
skp051975,skp008594
skp010316,skp008594
skp022230,skp008594
skp043680,skp008594
skp010713,skp008594
skp026309,skp008594
skp013835,skp008594
skp036081,skp008594
skp027271,skp000738
skp012029,skp035864
skp012327,skp008594
skp026957,skp035864
skp031686,skp008594
skp019136,skp008594
skp026984,skp008594
skp032375,skp008594
skp026422,skp008594
skp003442,skp025866
skp033544,skp008594
skp016193,skp008594
skp028616,skp008594
skp031486,skp038427
skp009504,skp008594
skp004689,skp008594
skp041904,skp008594
skp009844,skp008594
skp008988,skp008594
skp025525,skp025722
skp008591,skp008594
skp015787,skp008594
skp053480,skp008594
skp040323,skp008594
skp029878,skp008594
skp001893,skp008594
skp008163,skp008594
skp030996,skp008594
skp028376,skp008594
skp036473,skp008594
skp033648,skp008594
skp015127,skp008594
skp002034,skp008594
skp042118,skp008594
skp042064,skp008594
skp003027,skp008594
skp023077,skp008594
skp044117,skp008594
skp004577,skp008594
skp026403,skp008594
skp009703,skp008594
skp011568,skp008594
skp039959,skp008594
skp003086,skp008594
skp004675,skp008594
skp004884,skp008594
skp019639,skp008594
skp006004,skp008594
skp024239,skp008594
skp003020,skp008594
skp017394,skp008594
skp025027,skp008594
skp033939,skp028697
skp025377,skp008594
skp009040,skp008594
skp051217,skp008594
skp006977,skp008594
skp017696,skp008594
skp019877,skp008594
skp013517,skp008594
skp001398,skp008594
skp022767,skp008594
skp020813,skp025402
skp016924,skp031747
skp019363,skp008594
skp028413,skp008594
skp029409,skp008594
skp041896,skp008594
skp011125,skp008594
skp020845,skp008594
skp008649,skp008594
skp028794,skp008594
skp043453,skp008594
skp042435,skp008594
skp007053,skp008594
skp002053,skp008594
skp041530,skp008594
skp013592,skp008594
skp017616,skp008594
skp025648,skp008594
skp017654,skp008594
skp002484,skp008594
skp020896,skp008594
skp039791,skp008594
skp041486,skp008594
skp025120,skp008594
skp020519,skp008594
skp025833,skp008594
skp004836,skp008594
skp011641,skp008594
skp053481,skp008594
skp041165,skp038304
skp041165,skp041922
skp043428,skp008594
skp028305,skp008594
skp002819,skp008594
skp051463,skp008594
skp010627,skp008594
skp040066,skp008594
skp009336,skp008594
skp026459,skp008594
skp051202,skp008594
skp009145,skp008594
skp009873,skp008594
skp024712,skp008594
skp010254,skp008594
skp022667,skp008594
skp020961,skp008594
skp012772,skp008594
skp003145,skp008594
skp024000,skp008594
skp025449,skp008594
skp033280,skp008594
skp043471,skp038304
skp003148,skp008594
skp023878,skp008594
skp043317,skp008594
skp031536,skp008594
skp016996,skp008594
skp012077,skp008594
skp018859,skp008594
skp023056,skp008594
skp015798,skp008594
skp016317,skp008594
skp018159,skp008594
skp041775,skp008594
skp036016,skp008594
skp031324,skp008594
skp015298,skp017514
skp036491,skp008594
skp011680,skp008594
skp018886,skp008594
skp003771,skp008594
skp002191,skp008594
skp004252,skp008594
skp000397,skp008594
skp010975,skp008594
skp025934,skp008594
skp006941,skp008594
skp023718,skp008594
skp023685,skp008594
skp035163,skp008594
skp006077,skp008594
skp026830,skp008594
skp019413,skp008594
skp040014,skp008594
skp029437,skp008594
skp002347,skp008594
skp040015,skp039977
skp040015,skp040028
skp002593,skp008594
skp028309,skp008594
skp041312,skp008594
skp000427,skp008594
skp033621,skp008594
skp037703,skp008594
skp004714,skp008594
skp003588,skp008594
skp002604,skp008594
skp004960,skp008594
skp004960,skp031861
skp026595,skp008594
skp043515,skp008594
skp006927,skp008594
skp051580,skp008594
skp036668,skp008594
skp031269,skp008594
skp035796,skp008594
skp022275,skp008594
skp003152,skp008594
skp003109,skp008594
skp044211,skp008594
skp001734,skp008594
skp033698,skp008594
skp028282,skp008594
skp033266,skp008594
skp033190,skp008594
skp031940,skp031747
skp011028,skp034508
skp007480,skp008594
skp040827,skp008594
skp017984,skp008594
skp003156,skp008594
skp032267,skp008594
skp042151,skp008594
skp033849,skp008594
skp034971,skp008594
skp039823,skp008594
skp020568,skp019601
skp019066,skp008594
skp018176,skp008594
skp053541,skp008594
skp034643,skp008594
skp040133,skp008594
skp018906,skp008594
skp038498,skp008594
skp041809,skp008594
skp037590,skp008594
skp006167,skp008594
skp013478,skp008594
skp013965,skp008595
skp027292,skp008594
skp002188,skp008594
skp014961,skp008594
skp000758,skp008594
skp053485,skp008594
skp028727,skp008594
skp000224,skp008594
skp044840,skp008594
skp011063,skp008594
skp012029,skp008594
skp029978,skp008594
skp034366,skp008594
skp033709,skp008594
skp002101,skp008594
skp016239,skp008594
skp021967,skp008594
skp004993,skp008594
skp019452,skp008594
skp002869,skp008594
skp021449,skp008594
skp008302,skp008594
skp014669,skp008594
skp005914,skp008594
skp017656,skp008594
skp023896,skp008594
skp039083,skp008594
skp007884,skp008594
skp039800,skp008594
skp026295,skp008594
skp002234,skp008594
skp040693,skp008594
skp044336,skp008594
skp021809,skp008594
skp008571,skp008594
skp043580,skp008594
skp010366,skp008594
skp041189,skp008594
skp021531,skp008594
skp026812,skp008594
skp019955,skp008594
skp032865,skp008594
skp036154,skp008594
skp023403,skp008594
skp051792,skp008594
skp021987,skp008594
skp014491,skp008594
skp021549,skp008594
skp037661,skp008594
skp017645,skp008594
skp032422,skp008594
skp043887,skp008594
skp006091,skp008594
skp008894,skp008594
skp018656,skp008594
skp013986,skp008594
skp002197,skp008594
skp010578,skp008594
skp044727,skp008594
skp026877,skp008594
skp006887,skp008594
skp044853,skp008594
skp000278,skp008594
skp023572,skp008594
skp003641,skp008594
skp042744,skp008594
skp003721,skp008594
skp040869,skp008594
skp024160,skp008594
skp031127,skp008594
skp008719,skp008594
skp042379,skp008594
skp019615,skp008594
skp002014,skp008594
skp005968,skp008594
skp024167,skp008594
skp021632,skp008594
skp035156,skp008594
skp031894,skp008594
skp006033,skp008594
skp025908,skp008594
skp053523,skp008594
skp012534,skp008594
skp016522,skp008594
skp038674,skp008594
skp000850,skp008594
skp011621,skp008594
skp003318,skp008594
skp009531,skp008594
skp017199,skp008594
skp039419,skp008594
skp023829,skp008594
skp002483,skp008594
skp044503,skp008594
skp037900,skp008594
skp021712,skp008594
skp004810,skp008594
skp039420,skp008594
skp022027,skp008594
skp022906,skp008594
skp033818,skp008594
skp023842,skp008594
skp041165,skp008595
skp041165,skp031861
skp005464,skp008594
skp025974,skp008594
skp028573,skp008594
skp036838,skp008594
skp018669,skp008594
skp009411,skp008594
skp008706,skp008594
skp028919,skp008594
skp021427,skp008594
skp016246,skp008594
skp010179,skp008594
skp049078,skp008594
skp049079,skp008594
skp049080,skp034508
skp034981,skp002821
skp039791,skp002821
skp023668,skp002821
skp027275,skp002821
skp002062,skp002821
skp009755,skp002821
skp028802,skp002821
skp028919,skp002821
skp053485,skp002821
skp002959,skp002821
skp003104,skp002821
skp014490,skp002821
skp006886,skp002821
skp003253,skp002821
skp000684,skp002821
skp010468,skp002821
skp023644,skp002821
skp020988,skp008594
skp023972,skp035829
skp001116,skp035829
skp014663,skp035829
skp052682,skp038400
skp000739,skp041609
skp025839,skp002821
skp041804,skp035829
skp043062,skp008594
skp016870,skp041609
skp002527,skp038400
skp034833,skp038400
skp011045,skp035829
skp012062,skp038400
skp012062,skp035829
skp008293,skp038400
skp040838,skp040883
skp024300,skp038400
skp013277,skp035829
skp014491,skp035829
skp032223,skp038400
skp017279,skp038400
skp019915,skp035829
skp010104,skp008594
skp017477,skp008594
skp033892,skp008594
skp027043,skp035864
skp044470,skp035864
skp009755,skp035864
skp007675,skp008594
skp051620,skp008594
skp051649,skp008594
skp026255,skp024950
skp008852,skp008594
skp028422,skp035829
skp019341,skp024950
skp022059,skp008594
skp037974,skp041609
skp003883,skp008594
skp019572,skp041609
skp038184,skp035829
skp040416,skp035829
skp003687,skp035829
skp025055,skp008594
skp003897,skp008594
skp030886,skp041609
skp008650,skp041609
skp021263,skp041609
skp020279,skp041609
skp017642,skp008594
skp024077,skp035829
skp034723,skp041609
skp019624,skp041609
skp038649,skp008594
skp001675,skp041609
skp041357,skp041609
skp053220,skp008594
skp024380,skp008594
skp026106,skp041609
skp014960,skp008594
skp020230,skp041609
skp019237,skp026308
skp043180,skp026308
skp037422,skp041609
skp035965,skp035829
skp008951,skp035829
skp019808,skp035829
skp033337,skp041609
skp018639,skp035864
skp023892,skp008594
skp001860,skp035864
skp043153,skp035864
skp032942,skp035864
skp027262,skp035864
skp002813,skp035864
skp042292,skp035864
skp019363,skp035864
skp011919,skp035864
skp037718,skp035864
skp026376,skp035864
skp021888,skp035864
skp039054,skp035864
skp014977,skp035864
skp009734,skp035864
skp025036,skp035864
skp029381,skp035864
skp028738,skp035864
skp002678,skp035864
skp043432,skp035864
skp010515,skp035864
skp001465,skp035864
skp024025,skp035864
skp026161,skp035864
skp019423,skp035864
skp031336,skp035864
skp041804,skp035864
skp007950,skp035864
skp026290,skp035864
skp001960,skp035864
skp032387,skp035864
skp003241,skp035864
skp019447,skp035864
skp023895,skp035864
skp036860,skp035864
skp027299,skp035864
skp028566,skp035864
skp028994,skp035864
skp038983,skp035864
skp036794,skp035864
skp026088,skp035864
skp040147,skp035864
skp033943,skp035864
skp032403,skp035864
skp003724,skp035864
skp026220,skp035864
skp035809,skp035864
skp026330,skp035864
skp002809,skp035864
skp008118,skp035864
skp026921,skp035864
skp023078,skp035864
skp044778,skp035864
skp033493,skp035864
skp019725,skp035864
skp028447,skp035864
skp040099,skp035864
skp013459,skp035864
skp026764,skp035864
skp045066,skp035864
skp012062,skp035864
skp002959,skp035864
skp002275,skp035864
skp038682,skp035864
skp002234,skp035864
skp039457,skp035864
skp026542,skp035864
skp026807,skp035864
skp012261,skp035864
skp014490,skp035864
skp014491,skp035864
skp006812,skp035864
skp000684,skp035864
skp018506,skp035864
skp024232,skp035864
skp028838,skp035864
skp003623,skp035864
skp005130,skp035864
skp025147,skp035864
skp016338,skp035864
skp016870,skp035864
skp049317,skp035864
skp037878,skp035864
skp001333,skp035864
skp023552,skp035864
skp031790,skp035864
skp001680,skp035864
skp007472,skp035864
skp009746,skp035864
skp002447,skp035864
skp028076,skp035864
skp032434,skp035864
skp042872,skp035864
skp028886,skp035864
skp016943,skp035864
skp029076,skp035864
skp044019,skp035864
skp026196,skp035864
skp011334,skp035864
skp026532,skp035864
skp040085,skp035864
skp038289,skp035864
skp005174,skp035864
skp016817,skp008594
skp028968,skp035864
skp041104,skp035864
skp003717,skp035864
skp017087,skp035864
skp020380,skp035864
skp003873,skp035864
skp026812,skp035864
skp019955,skp035864
skp036476,skp035864
skp009078,skp035864
skp026329,skp035864
skp024160,skp035864
skp029044,skp035864
skp043045,skp035864
skp013500,skp035864
skp032501,skp035864
skp029048,skp035864
skp003969,skp035864
skp021655,skp035864
skp036334,skp035864
skp026221,skp035864
skp024185,skp035864
skp036421,skp035864
skp008148,skp028586
skp035965,skp028586
skp006778,skp008594
skp008148,skp008594
skp025844,skp008594
skp014178,skp008594
skp008826,skp008594
skp009010,skp008594
skp000618,skp008594
skp003212,skp035864
skp002974,skp035864
skp013303,skp035864
skp003755,skp035864
skp010626,skp035864
skp036075,skp035864
skp004619,skp035864
skp037274,skp035864
skp041321,skp035864
skp037005,skp035864
skp003663,skp035864
skp002792,skp035864
skp043034,skp035864
skp004230,skp035864
skp035971,skp035864
skp002307,skp008594
skp016941,skp035864
skp042953,skp035864
skp036430,skp035864
skp034736,skp035864
skp013270,skp035864
skp024013,skp035864
skp032693,skp035864
skp037243,skp035864
skp040796,skp035864
skp002131,skp035864
skp037934,skp035864
skp017502,skp035864
skp013170,skp035864
skp012986,skp035864
skp003733,skp035864
skp031940,skp035864
skp004948,skp035864
skp002800,skp035864
skp023246,skp035864
skp036513,skp035864
skp006802,skp035864
skp031942,skp035864
skp006501,skp035864
skp037923,skp035864
skp033477,skp035864
skp006721,skp035864
skp012851,skp035864
skp037412,skp035864
skp016754,skp035864
skp026562,skp035864
skp031931,skp035864
skp006706,skp035864
skp012425,skp035864
skp006803,skp035864
skp039908,skp035864
skp002787,skp035864
skp001751,skp035864
skp049411,skp035864
skp031684,skp035864
skp040757,skp035864
skp027369,skp035864
skp014308,skp035864
skp028479,skp035864
skp007733,skp035864
skp006730,skp035864
skp036433,skp035864
skp010323,skp035864
skp032381,skp035864
skp008332,skp035864
skp028381,skp035864
skp038078,skp035864
skp038075,skp035864
skp042557,skp035864
skp035730,skp035864
skp008335,skp035864
skp037921,skp035864
skp002098,skp035864
skp019348,skp035864
skp021991,skp008594
skp032877,skp008594
skp020295,skp008594
skp009455,skp008594
skp008801,skp008594
skp006893,skp008594
skp039241,skp008594
skp012477,skp008594
skp001583,skp008594
skp043213,skp008594
skp008803,skp008594
skp015884,skp008594
skp037447,skp008594
skp043680,skp026308
skp005414,skp008594
skp008316,skp025866
skp016259,skp008594
skp031016,skp008594
skp010133,skp008594
skp026577,skp028586
skp002003,skp008594
skp026291,skp008594
skp042082,skp028586
skp039717,skp028586
skp037247,skp035864
skp050088,skp028586
skp026591,skp028586
skp042320,skp038400
skp042320,skp028586
skp042320,skp038427
skp042320,skp005563
skp006847,skp008595
skp019984,skp008594
skp031125,skp008594
skp004671,skp008594
skp013994,skp041609
skp013424,skp028586
skp037757,skp028586
skp008624,skp041609
skp012316,skp008594
skp032503,skp008594
skp038339,skp008594
skp023541,skp041609
skp042667,skp014901
skp024112,skp025722
skp026106,skp008594
skp042335,skp008595
skp041260,skp008594
skp008680,skp008594
skp008631,skp008594
skp037454,skp008594
skp050334,skp008594
skp005957,skp008594
skp042454,skp035864
skp027879,skp035864
skp028407,skp035864
skp037746,skp035864
skp028422,skp035864
skp034037,skp035864
skp040271,skp035864
skp005759,skp035864
skp028475,skp035864
skp026708,skp035864
skp040606,skp035864
skp017189,skp035864
skp019199,skp035864
skp040404,skp026308
skp032733,skp035864
skp007206,skp035864
skp023877,skp035864
skp041395,skp035864
skp028048,skp035864
skp043317,skp035864
skp008153,skp035864
skp041339,skp035864
skp015943,skp035864
skp018859,skp035864
skp010467,skp035864
skp003007,skp035864
skp001591,skp035864
skp027264,skp035864
skp037816,skp035864
skp024112,skp035864
skp026526,skp035864
skp012149,skp035864
skp042335,skp035864
skp009075,skp035864
skp019127,skp035864
skp033899,skp035864
skp034238,skp035864
skp013485,skp035864
skp014226,skp035864
skp042421,skp035864
skp050425,skp035864
skp050426,skp035864
skp030987,skp035864
skp051303,skp035864
skp005260,skp035864
skp011724,skp035864
skp005403,skp035864
skp037752,skp035864
skp006100,skp035864
skp000728,skp035864
skp005760,skp035864
skp039288,skp035864
skp017745,skp035864
skp001354,skp035864
skp017672,skp035864
skp035737,skp035864
skp017031,skp035864
skp033845,skp035864
skp026247,skp035864
skp026844,skp035864
skp025124,skp035864
skp021172,skp035864
skp027217,skp035864
skp013278,skp035864
skp012370,skp025402
skp031544,skp035864
skp021333,skp035864
skp041355,skp035864
skp034938,skp035864
skp013237,skp035864
skp044582,skp035864
skp051600,skp035864
skp007587,skp035864
skp024301,skp035864
skp002397,skp035864
skp043320,skp035864
skp032878,skp035864
skp029024,skp035864
skp013301,skp035864
skp018113,skp035864
skp001422,skp035864
skp004810,skp035864
skp042440,skp008594
skp005989,skp008594
skp025874,skp008594
skp012242,skp008594
skp037774,skp008594
skp004764,skp008594
skp003941,skp008594
skp002823,skp008594
skp016526,skp008594
skp003393,skp028586
skp052504,skp028586
skp037816,skp038427
skp015654,skp008594
skp000803,skp008594
skp043611,skp008594
skp042402,skp028586
skp026132,skp008594
skp026070,skp008594
skp003241,skp008594
skp023775,skp008594
skp037896,skp008594
skp002376,skp035864
skp013335,skp035864
skp001359,skp035864
skp014811,skp035864
skp037277,skp035864
skp013307,skp035864
skp006938,skp035864
skp013043,skp035864
skp045055,skp035864
skp016919,skp035864
skp050577,skp035864
skp043333,skp035864
skp041218,skp035864
skp003245,skp035864
skp041357,skp035864
skp028924,skp035864
skp006762,skp035864
skp006929,skp035864
skp006709,skp035864
skp040128,skp035864
skp036175,skp035864
skp039029,skp035864
skp013809,skp035864
skp021657,skp035864
skp019386,skp035864
skp032384,skp035864
skp031471,skp035864
skp040682,skp008594
skp003283,skp008595
skp002234,skp008595
skp009074,skp008594
skp033294,skp042949
skp016744,skp008594
skp000616,skp008594
skp027360,skp008594
skp033198,skp035864
skp021170,skp025637
skp038376,skp008594
skp033462,skp019601
skp050743,skp041609
skp019803,skp031816
skp042667,skp028586
skp040889,skp025402
skp028573,skp035864
skp028573,skp013104
skp006889,skp008594
skp002959,skp013104
skp002959,skp042949
skp031486,skp035864
skp026679,skp035864
skp029185,skp035864
skp041319,skp035864
skp041342,skp035864
skp026159,skp035864
skp028353,skp035864
skp041798,skp035864
skp042314,skp035864
skp011317,skp035864
skp026162,skp035864
skp031442,skp035864
skp029883,skp035864
skp008561,skp035864
skp042402,skp035864
skp036660,skp035864
skp016574,skp035864
skp044299,skp035864
skp000460,skp035864
skp020680,skp035864
skp028354,skp035864
skp020279,skp035864
skp026469,skp035864
skp015329,skp035864
skp029783,skp035863
skp042273,skp038400
skp041646,skp038400
skp003425,skp038400
skp007251,skp038400
skp029185,skp038400
skp019383,skp028586
skp024112,skp028586
skp039315,skp008594
skp023224,skp035864
skp016962,skp035864
skp000499,skp035864
skp051121,skp035864
skp040272,skp035864
skp017474,skp035864
skp033593,skp035864
skp043124,skp035864
skp007944,skp008594
skp020570,skp041609
skp040400,skp038400
skp044506,skp041699
skp019377,skp028586
skp017757,skp041609
skp043041,skp041609
skp017439,skp026308
skp007698,skp041609
skp032005,skp041609
skp011902,skp041609
skp011637,skp035829
skp017732,skp041609
skp038252,skp041609
skp009503,skp002475
skp036730,skp041699
skp051166,skp026308
